cell_id,celltype,leiden,leiden_named,dataset
[1] DCT_1cell_WISHDIA_P1_0004.htrms.PG.Quantity,DCT1,0,ProLIF,dct758
[2] DCT_1cell_WISHDIA_P1_0005.htrms.PG.Quantity,DCT1,0,ProLIF,dct758
[3] DCT_1cell_WISHDIA_P1_0006.htrms.PG.Quantity,DCT2,0,ProLIF,dct758
[4] DCT_1cell_WISHDIA_P1_0007.htrms.PG.Quantity,DCT2,0,ProLIF,dct758
[5] DCT_1cell_WISHDIA_P1_0008.htrms.PG.Quantity,DCT1,0,ProLIF,dct758
[6] DCT_1cell_WISHDIA_P1_0009.htrms.PG.Quantity,DCT1,1,DCT2,dct758
[7] DCT_1cell_WISHDIA_P1_0010.htrms.PG.Quantity,ProLIF,2,ProLIF,dct758
[8] DCT_1cell_WISHDIA_P1_0011.htrms.PG.Quantity,DCT2,1,DCT2,dct758
[9] DCT_1cell_WISHDIA_P1_0012.htrms.PG.Quantity,DCT2,2,ProLIF,dct758
[10] DCT_1cell_WISHDIA_P1_0013.htrms.PG.Quantity,DCT1,1,DCT2,dct758
[11] DCT_1cell_WISHDIA_P1_0014.htrms.PG.Quantity,DCT2,1,DCT2,dct758
[12] DCT_1cell_WISHDIA_P1_0015.htrms.PG.Quantity,DCT1,2,ProLIF,dct758
[13] DCT_1cell_WISHDIA_P1_0016.htrms.PG.Quantity,DCT1,1,DCT2,dct758
[14] DCT_1cell_WISHDIA_P1_0017.htrms.PG.Quantity,DCT1,2,ProLIF,dct758
[15] DCT_1cell_WISHDIA_P1_0018.htrms.PG.Quantity,DCT2,3,DCT1,dct758
[16] DCT_1cell_WISHDIA_P1_0019.htrms.PG.Quantity,DCT2,1,DCT2,dct758
[17] DCT_1cell_WISHDIA_P1_0020.htrms.PG.Quantity,DCT2,3,DCT1,dct758
[18] DCT_1cell_WISHDIA_P1_0021.htrms.PG.Quantity,DCT1,4,DCT1,dct758
[19] DCT_1cell_WISHDIA_P1_0022.htrms.PG.Quantity,DCT2,1,DCT2,dct758
[20] DCT_1cell_WISHDIA_P1_0023.htrms.PG.Quantity,DCT1,2,ProLIF,dct758
[21] DCT_1cell_WISHDIA_P1_0024.htrms.PG.Quantity,DCT1,1,DCT2,dct758
[22] DCT_1cell_WISHDIA_P1_0025.htrms.PG.Quantity,DCT2,1,DCT2,dct758
[23] DCT_1cell_WISHDIA_P1_0026.htrms.PG.Quantity,DCT1,3,DCT1,dct758
[24] DCT_1cell_WISHDIA_P1_0027.htrms.PG.Quantity,DCT1,4,DCT1,dct758
[25] DCT_1cell_WISHDIA_P1_0028.htrms.PG.Quantity,ProLIF,1,DCT2,dct758
[26] DCT_1cell_WISHDIA_P1_0029.htrms.PG.Quantity,DCT2,1,DCT2,dct758
[27] DCT_1cell_WISHDIA_P1_0030.htrms.PG.Quantity,DCT1,1,DCT2,dct758
[28] DCT_1cell_WISHDIA_P1_0031.htrms.PG.Quantity,DCT2,1,DCT2,dct758
[29] DCT_1cell_WISHDIA_P1_0032.htrms.PG.Quantity,ProLIF,2,ProLIF,dct758
[30] DCT_1cell_WISHDIA_P1_0033.htrms.PG.Quantity,ProLIF,2,ProLIF,dct758
[31] DCT_1cell_WISHDIA_P1_0034.htrms.PG.Quantity,DCT2,5,DCT1,dct758
[32] DCT_1cell_WISHDIA_P1_0035.htrms.PG.Quantity,DCT2,1,DCT2,dct758
[33] DCT_1cell_WISHDIA_P1_0036.htrms.PG.Quantity,DCT2,2,ProLIF,dct758
[34] DCT_1cell_WISHDIA_P1_0037.htrms.PG.Quantity,ProLIF,1,DCT2,dct758
[35] DCT_1cell_WISHDIA_P1_0038.htrms.PG.Quantity,DCT1,1,DCT2,dct758
[36] DCT_1cell_WISHDIA_P1_0039.htrms.PG.Quantity,ProLIF,1,DCT2,dct758
[37] DCT_1cell_WISHDIA_P1_0040.htrms.PG.Quantity,ProLIF,1,DCT2,dct758
[38] DCT_1cell_WISHDIA_P1_0041.htrms.PG.Quantity,DCT1,3,DCT1,dct758
[39] DCT_1cell_WISHDIA_P1_0042.htrms.PG.Quantity,DCT1,3,DCT1,dct758
[40] DCT_1cell_WISHDIA_P1_0043.htrms.PG.Quantity,DCT2,2,ProLIF,dct758
[41] DCT_1cell_WISHDIA_P1_0044.htrms.PG.Quantity,DCT2,1,DCT2,dct758
[42] DCT_1cell_WISHDIA_P1_0045.htrms.PG.Quantity,DCT2,3,DCT1,dct758
[43] DCT_1cell_WISHDIA_P1_0046.htrms.PG.Quantity,DCT1,3,DCT1,dct758
[44] DCT_1cell_WISHDIA_P1_0047.htrms.PG.Quantity,DCT1,5,DCT1,dct758
[45] DCT_1cell_WISHDIA_P1_0048.htrms.PG.Quantity,ProLIF,2,ProLIF,dct758
[46] DCT_1cell_WISHDIA_P1_0049.htrms.PG.Quantity,DCT1,2,ProLIF,dct758
[47] DCT_1cell_WISHDIA_P1_0050.htrms.PG.Quantity,ProLIF,2,ProLIF,dct758
[48] DCT_1cell_WISHDIA_P1_0051.htrms.PG.Quantity,ProLIF,2,ProLIF,dct758
[49] DCT_1cell_WISHDIA_P1_0052.htrms.PG.Quantity,DCT2,1,DCT2,dct758
[50] DCT_1cell_WISHDIA_P1_0053.htrms.PG.Quantity,DCT1,2,ProLIF,dct758
[51] DCT_1cell_WISHDIA_P1_0054.htrms.PG.Quantity,DCT2,1,DCT2,dct758
[52] DCT_1cell_WISHDIA_P1_0055.htrms.PG.Quantity,ProLIF,5,DCT1,dct758
[53] DCT_1cell_WISHDIA_P1_0056.htrms.PG.Quantity,DCT2,1,DCT2,dct758
[55] DCT_1cell_WISHDIA_P1_0059.htrms.PG.Quantity,DCT1,4,DCT1,dct758
[56] DCT_1cell_WISHDIA_P1_0060.htrms.PG.Quantity,ProLIF,1,DCT2,dct758
[57] DCT_1cell_WISHDIA_P1_0061.htrms.PG.Quantity,DCT1,6,DCT1,dct758
[58] DCT_1cell_WISHDIA_P1_0062.htrms.PG.Quantity,ProLIF,1,DCT2,dct758
[59] DCT_1cell_WISHDIA_P1_0063.htrms.PG.Quantity,ProLIF,0,ProLIF,dct758
[60] DCT_1cell_WISHDIA_P1_0064.htrms.PG.Quantity,ProLIF,0,ProLIF,dct758
[61] DCT_1cell_WISHDIA_P1_0065.htrms.PG.Quantity,ProLIF,0,ProLIF,dct758
[62] DCT_1cell_WISHDIA_P1_0066.htrms.PG.Quantity,ProLIF,7,DCT2,dct758
[63] DCT_1cell_WISHDIA_P1_0067.htrms.PG.Quantity,ProLIF,0,ProLIF,dct758
[64] DCT_1cell_WISHDIA_P1_0068.htrms.PG.Quantity,ProLIF,8,ProLIF,dct758
[65] DCT_1cell_WISHDIA_P1_0069.htrms.PG.Quantity,ProLIF,9,ProLIF,dct758
[66] DCT_1cell_WISHDIA_P1_0070.htrms.PG.Quantity,ProLIF,10,ProLIF,dct758
[67] DCT_1cell_WISHDIA_P1_0071.htrms.PG.Quantity,ProLIF,9,ProLIF,dct758
[68] DCT_1cell_WISHDIA_P1_0072.htrms.PG.Quantity,ProLIF,10,ProLIF,dct758
[69] DCT_1cell_WISHDIA_P1_0073.htrms.PG.Quantity,ProLIF,11,ProLIF,dct758
[70] DCT_1cell_WISHDIA_P1_0074.htrms.PG.Quantity,ProLIF,8,ProLIF,dct758
[71] DCT_1cell_WISHDIA_P1_0075.htrms.PG.Quantity,ProLIF,11,ProLIF,dct758
[72] DCT_1cell_WISHDIA_P1_0076.htrms.PG.Quantity,ProLIF,10,ProLIF,dct758
[73] DCT_1cell_WISHDIA_P1_0077.htrms.PG.Quantity,ProLIF,11,ProLIF,dct758
[74] DCT_1cell_WISHDIA_P1_0078.htrms.PG.Quantity,DCT2,8,ProLIF,dct758
[75] DCT_1cell_WISHDIA_P1_0079.htrms.PG.Quantity,ProLIF,4,DCT1,dct758
[76] DCT_1cell_WISHDIA_P1_0080.htrms.PG.Quantity,DCT2,12,DCT1,dct758
[77] DCT_1cell_WISHDIA_P1_0081.htrms.PG.Quantity,ProLIF,10,ProLIF,dct758
[78] DCT_1cell_WISHDIA_P1_0082.htrms.PG.Quantity,ProLIF,8,ProLIF,dct758
[79] DCT_1cell_WISHDIA_P1_0083.htrms.PG.Quantity,DCT2,12,DCT1,dct758
[80] DCT_1cell_WISHDIA_P1_0084.htrms.PG.Quantity,ProLIF,10,ProLIF,dct758
[81] DCT_1cell_WISHDIA_P1_0085.htrms.PG.Quantity,ProLIF,8,ProLIF,dct758
[82] DCT_1cell_WISHDIA_P1_0086.htrms.PG.Quantity,DCT2,10,ProLIF,dct758
[83] DCT_1cell_WISHDIA_P1_0087.htrms.PG.Quantity,DCT1,13,DCT1,dct758
[84] DCT_1cell_WISHDIA_P1_0088.htrms.PG.Quantity,DCT2,10,ProLIF,dct758
[85] DCT_1cell_WISHDIA_P1_0089.htrms.PG.Quantity,ProLIF,6,DCT1,dct758
[86] DCT_1cell_WISHDIA_P1_0090.htrms.PG.Quantity,DCT1,14,DCT1,dct758
[87] DCT_1cell_WISHDIA_P1_0091.htrms.PG.Quantity,ProLIF,10,ProLIF,dct758
[88] DCT_1cell_WISHDIA_P1_0092.htrms.PG.Quantity,ProLIF,15,DCT1,dct758
[89] DCT_1cell_WISHDIA_P1_0093.htrms.PG.Quantity,ProLIF,16,DCT2,dct758
[90] DCT_1cell_WISHDIA_P1_0094.htrms.PG.Quantity,ProLIF,8,ProLIF,dct758
[91] DCT_1cell_WISHDIA_P1_0095.htrms.PG.Quantity,ProLIF,17,DCT1,dct758
[92] DCT_1cell_WISHDIA_P1_0096.htrms.PG.Quantity,ProLIF,5,DCT1,dct758
[93] DCT_1cell_WISHDIA_P1_0097.htrms.PG.Quantity,DCT1,3,DCT1,dct758
[94] DCT_1cell_WISHDIA_P1_0098.htrms.PG.Quantity,DCT1,18,DCT1,dct758
[95] DCT_1cell_WISHDIA_P1_0099.htrms.PG.Quantity,DCT2,15,DCT1,dct758
[96] DCT_1cell_WISHDIA_P1_0100.htrms.PG.Quantity,ProLIF,10,ProLIF,dct758
[97] DCT_1cell_WISHDIA_P1_0101.htrms.PG.Quantity,ProLIF,11,ProLIF,dct758
[98] DCT_1cell_WISHDIA_P1_0102.htrms.PG.Quantity,ProLIF,15,DCT1,dct758
[99] DCT_1cell_WISHDIA_P1_0103.htrms.PG.Quantity,ProLIF,10,ProLIF,dct758
[100] DCT_1cell_WISHDIA_P1_0104.htrms.PG.Quantity,DCT2,10,ProLIF,dct758
[101] DCT_1cell_WISHDIA_P1_0105.htrms.PG.Quantity,DCT1,10,ProLIF,dct758
[102] DCT_1cell_WISHDIA_P1_0106.htrms.PG.Quantity,ProLIF,7,DCT2,dct758
[103] DCT_1cell_WISHDIA_P1_0107.htrms.PG.Quantity,ProLIF,8,ProLIF,dct758
[104] DCT_1cell_WISHDIA_P1_0108.htrms.PG.Quantity,DCT2,16,DCT2,dct758
[105] DCT_1cell_WISHDIA_P1_0109.htrms.PG.Quantity,DCT1,12,DCT1,dct758
[106] DCT_1cell_WISHDIA_P1_0110.htrms.PG.Quantity,ProLIF,8,ProLIF,dct758
[107] DCT_1cell_WISHDIA_P1_0111.htrms.PG.Quantity,ProLIF,16,DCT2,dct758
[108] DCT_1cell_WISHDIA_P1_0112.htrms.PG.Quantity,ProLIF,10,ProLIF,dct758
[109] DCT_1cell_WISHDIA_P1_0113.htrms.PG.Quantity,ProLIF,8,ProLIF,dct758
[110] DCT_1cell_WISHDIA_P1_0114.htrms.PG.Quantity,ProLIF,11,ProLIF,dct758
[111] DCT_1cell_WISHDIA_P1_0115.htrms.PG.Quantity,ProLIF,8,ProLIF,dct758
[112] DCT_1cell_WISHDIA_P1_0116.htrms.PG.Quantity,DCT2,14,DCT1,dct758
[113] DCT_1cell_WISHDIA_P1_0117.htrms.PG.Quantity,DCT1,10,ProLIF,dct758
[114] DCT_1cell_WISHDIA_P1_0118.htrms.PG.Quantity,ProLIF,6,DCT1,dct758
[115] DCT_1cell_WISHDIA_P1_0119.htrms.PG.Quantity,ProLIF,11,ProLIF,dct758
[116] DCT_1cell_WISHDIA_P1_0120.htrms.PG.Quantity,ProLIF,8,ProLIF,dct758
[117] DCT_1cell_WISHDIA_P1_0121.htrms.PG.Quantity,ProLIF,16,DCT2,dct758
[118] DCT_1cell_WISHDIA_P1_0122.htrms.PG.Quantity,DCT2,16,DCT2,dct758
[119] DCT_1cell_WISHDIA_P1_0123.htrms.PG.Quantity,DCT2,16,DCT2,dct758
[120] DCT_1cell_WISHDIA_P1_0124.htrms.PG.Quantity,ProLIF,10,ProLIF,dct758
[121] DCT_1cell_WISHDIA_P1_0125.htrms.PG.Quantity,DCT2,16,DCT2,dct758
[122] DCT_1cell_WISHDIA_P1_0126.htrms.PG.Quantity,ProLIF,16,DCT2,dct758
[123] DCT_1cell_WISHDIA_P1_0127.htrms.PG.Quantity,DCT2,9,ProLIF,dct758
[124] DCT_1cell_WISHDIA_P1_0128.htrms.PG.Quantity,ProLIF,10,ProLIF,dct758
[125] DCT_1cell_WISHDIA_P1_0129.htrms.PG.Quantity,ProLIF,10,ProLIF,dct758
[126] DCT_1cell_WISHDIA_P1_0130.htrms.PG.Quantity,DCT1,19,DCT1,dct758
[127] DCT_1cell_WISHDIA_P1_0131.htrms.PG.Quantity,ProLIF,10,ProLIF,dct758
[128] DCT_1cell_WISHDIA_P1_0132.htrms.PG.Quantity,DCT1,9,ProLIF,dct758
[129] DCT_1cell_WISHDIA_P1_0133.htrms.PG.Quantity,ProLIF,8,ProLIF,dct758
[130] DCT_1cell_WISHDIA_P1_0134.htrms.PG.Quantity,DCT1,12,DCT1,dct758
[131] DCT_1cell_WISHDIA_P1_0135.htrms.PG.Quantity,DCT2,10,ProLIF,dct758
[132] DCT_1cell_WISHDIA_P1_0136.htrms.PG.Quantity,ProLIF,11,ProLIF,dct758
[133] DCT_1cell_WISHDIA_P1_0137.htrms.PG.Quantity,ProLIF,10,ProLIF,dct758
[134] DCT_1cell_WISHDIA_P1_0138.htrms.PG.Quantity,DCT2,8,ProLIF,dct758
[135] DCT_1cell_WISHDIA_P1_0139.htrms.PG.Quantity,ProLIF,20,ProLIF,dct758
[136] DCT_1cell_WISHDIA_P1_0140.htrms.PG.Quantity,ProLIF,8,ProLIF,dct758
[137] DCT_1cell_WISHDIA_P1_0141.htrms.PG.Quantity,ProLIF,10,ProLIF,dct758
[138] DCT_1cell_WISHDIA_P1_0142.htrms.PG.Quantity,ProLIF,8,ProLIF,dct758
[139] DCT_1cell_WISHDIA_P1_0143.htrms.PG.Quantity,ProLIF,17,DCT1,dct758
[140] DCT_1cell_WISHDIA_P1_0144.htrms.PG.Quantity,DCT1,4,DCT1,dct758
[141] DCT_1cell_WISHDIA_P1_0145.htrms.PG.Quantity,DCT2,7,DCT2,dct758
[142] DCT_1cell_WISHDIA_P1_0146.htrms.PG.Quantity,ProLIF,8,ProLIF,dct758
[143] DCT_1cell_WISHDIA_P1_0147.htrms.PG.Quantity,ProLIF,8,ProLIF,dct758
[144] DCT_1cell_WISHDIA_P1_0148.htrms.PG.Quantity,ProLIF,17,DCT1,dct758
[145] DCT_1cell_WISHDIA_P1_0149.htrms.PG.Quantity,DCT2,10,ProLIF,dct758
[146] DCT_1cell_WISHDIA_P1_0150.htrms.PG.Quantity,ProLIF,8,ProLIF,dct758
[147] DCT_1cell_WISHDIA_P1_0151.htrms.PG.Quantity,ProLIF,11,ProLIF,dct758
[148] DCT_1cell_WISHDIA_P1_0152.htrms.PG.Quantity,DCT2,7,DCT2,dct758
[149] DCT_1cell_WISHDIA_P1_0153.htrms.PG.Quantity,DCT2,3,DCT1,dct758
[150] DCT_1cell_WISHDIA_P1_0154.htrms.PG.Quantity,ProLIF,7,DCT2,dct758
[151] DCT_1cell_WISHDIA_P1_0155.htrms.PG.Quantity,DCT1,18,DCT1,dct758
[152] DCT_1cell_WISHDIA_P1_0156.htrms.PG.Quantity,ProLIF,16,DCT2,dct758
[153] DCT_1cell_WISHDIA_P1_0157.htrms.PG.Quantity,DCT2,10,ProLIF,dct758
[154] DCT_1cell_WISHDIA_P1_0158.htrms.PG.Quantity,DCT2,14,DCT1,dct758
[155] DCT_1cell_WISHDIA_P1_0159.htrms.PG.Quantity,ProLIF,10,ProLIF,dct758
[156] DCT_1cell_WISHDIA_P1_0160.htrms.PG.Quantity,ProLIF,12,DCT1,dct758
[157] DCT_1cell_WISHDIA_P1_0161.htrms.PG.Quantity,DCT1,12,DCT1,dct758
[158] DCT_1cell_WISHDIA_P1_0162.htrms.PG.Quantity,ProLIF,5,DCT1,dct758
[159] DCT_1cell_WISHDIA_P1_0163.htrms.PG.Quantity,ProLIF,20,ProLIF,dct758
[160] DCT_1cell_WISHDIA_P1_0164.htrms.PG.Quantity,DCT2,20,ProLIF,dct758
[161] DCT_1cell_WISHDIA_P1_0165.htrms.PG.Quantity,DCT2,7,DCT2,dct758
[162] DCT_1cell_WISHDIA_P1_0166.htrms.PG.Quantity,DCT1,7,DCT2,dct758
[163] DCT_1cell_WISHDIA_P1_0167.htrms.PG.Quantity,DCT1,20,ProLIF,dct758
[164] DCT_1cell_WISHDIA_P1_0168.htrms.PG.Quantity,ProLIF,9,ProLIF,dct758
[165] DCT_1cell_WISHDIA_P1_0169.htrms.PG.Quantity,DCT1,15,DCT1,dct758
[166] DCT_1cell_WISHDIA_P1_0170.htrms.PG.Quantity,DCT1,8,ProLIF,dct758
[167] DCT_1cell_WISHDIA_P1_0171.htrms.PG.Quantity,DCT2,7,DCT2,dct758
[168] DCT_1cell_WISHDIA_P1_0172.htrms.PG.Quantity,ProLIF,16,DCT2,dct758
[169] DCT_1cell_WISHDIA_P1_0173.htrms.PG.Quantity,ProLIF,18,DCT1,dct758
[170] DCT_1cell_WISHDIA_P1_0174.htrms.PG.Quantity,DCT2,17,DCT1,dct758
[171] DCT_1cell_WISHDIA_P1_0175.htrms.PG.Quantity,DCT2,19,DCT1,dct758
[172] DCT_1cell_WISHDIA_P1_0176.htrms.PG.Quantity,DCT1,3,DCT1,dct758
[173] DCT_1cell_WISHDIA_P1_0177.htrms.PG.Quantity,DCT2,10,ProLIF,dct758
[174] DCT_1cell_WISHDIA_P1_0178.htrms.PG.Quantity,DCT1,21,ProLIF,dct758
[175] DCT_1cell_WISHDIA_P1_0179.htrms.PG.Quantity,ProLIF,12,DCT1,dct758
[176] DCT_1cell_WISHDIA_P1_0180.htrms.PG.Quantity,ProLIF,8,ProLIF,dct758
[177] DCT_1cell_WISHDIA_P1_0181.htrms.PG.Quantity,DCT2,20,ProLIF,dct758
[178] DCT_1cell_WISHDIA_P1_0182.htrms.PG.Quantity,DCT2,3,DCT1,dct758
[179] DCT_1cell_WISHDIA_P1_0183.htrms.PG.Quantity,ProLIF,8,ProLIF,dct758
[180] DCT_1cell_WISHDIA_P1_0184.htrms.PG.Quantity,ProLIF,9,ProLIF,dct758
[181] DCT_1cell_WISHDIA_P1_0185.htrms.PG.Quantity,DCT1,4,DCT1,dct758
[182] DCT_1cell_WISHDIA_P1_0186.htrms.PG.Quantity,DCT2,6,DCT1,dct758
[183] DCT_1cell_WISHDIA_P1_0187.htrms.PG.Quantity,DCT2,4,DCT1,dct758
[184] DCT_1cell_WISHDIA_P1_0188.htrms.PG.Quantity,ProLIF,16,DCT2,dct758
[185] DCT_1cell_WISHDIA_P1_0189.htrms.PG.Quantity,DCT1,6,DCT1,dct758
[186] DCT_1cell_WISHDIA_P1_0190.htrms.PG.Quantity,DCT2,6,DCT1,dct758
[187] DCT_1cell_WISHDIA_P1_0191.htrms.PG.Quantity,DCT2,16,DCT2,dct758
[188] DCT_1cell_WISHDIA_P1_0192.htrms.PG.Quantity,DCT1,18,DCT1,dct758
[189] DCT_1cell_WISHDIA_P1_0193.htrms.PG.Quantity,DCT2,7,DCT2,dct758
[190] DCT_1cell_WISHDIA_P1_0194.htrms.PG.Quantity,DCT2,16,DCT2,dct758
[191] DCT_1cell_WISHDIA_P1_0195.htrms.PG.Quantity,DCT1,20,ProLIF,dct758
[192] DCT_1cell_WISHDIA_P1_0196.htrms.PG.Quantity,ProLIF,7,DCT2,dct758
[193] DCT_1cell_WISHDIA_P1_0197.htrms.PG.Quantity,ProLIF,7,DCT2,dct758
[194] DCT_1cell_WISHDIA_P1_0198.htrms.PG.Quantity,DCT2,16,DCT2,dct758
[195] DCT_1cell_WISHDIA_P1_0199.htrms.PG.Quantity,DCT1,17,DCT1,dct758
[196] DCT_1cell_WISHDIA_P1_0200.htrms.PG.Quantity,DCT2,17,DCT1,dct758
[197] DCT_1cell_WISHDIA_P1_0201.htrms.PG.Quantity,DCT2,3,DCT1,dct758
[198] DCT_1cell_WISHDIA_P1_0202.htrms.PG.Quantity,DCT1,7,DCT2,dct758
[199] DCT_1cell_WISHDIA_P1_0203.htrms.PG.Quantity,DCT1,5,DCT1,dct758
[200] DCT_1cell_WISHDIA_P1_0204.htrms.PG.Quantity,ProLIF,16,DCT2,dct758
[201] DCT_1cell_WISHDIA_P1_0205.htrms.PG.Quantity,DCT2,6,DCT1,dct758
[202] DCT_1cell_WISHDIA_P1_0206.htrms.PG.Quantity,DCT1,19,DCT1,dct758
[203] DCT_1cell_WISHDIA_P1_0207.htrms.PG.Quantity,DCT1,19,DCT1,dct758
[204] DCT_1cell_WISHDIA_P1_0208.htrms.PG.Quantity,ProLIF,7,DCT2,dct758
[205] DCT_1cell_WISHDIA_P1_0209.htrms.PG.Quantity,DCT2,22,ProLIF,dct758
[206] DCT_1cell_WISHDIA_P1_0210.htrms.PG.Quantity,DCT1,4,DCT1,dct758
[207] DCT_1cell_WISHDIA_P1_0211.htrms.PG.Quantity,ProLIF,13,DCT1,dct758
[208] DCT_1cell_WISHDIA_P1_0212.htrms.PG.Quantity,DCT1,6,DCT1,dct758
[209] DCT_1cell_WISHDIA_P1_0213.htrms.PG.Quantity,DCT2,20,ProLIF,dct758
[210] DCT_1cell_WISHDIA_P1_0214.htrms.PG.Quantity,DCT2,5,DCT1,dct758
[211] DCT_1cell_WISHDIA_P1_0215.htrms.PG.Quantity,ProLIF,18,DCT1,dct758
[212] DCT_1cell_WISHDIA_P1_0216.htrms.PG.Quantity,ProLIF,18,DCT1,dct758
[213] DCT_1cell_WISHDIA_P1_0217.htrms.PG.Quantity,DCT1,18,DCT1,dct758
[214] DCT_1cell_WISHDIA_P1_0218.htrms.PG.Quantity,ProLIF,18,DCT1,dct758
[215] DCT_1cell_WISHDIA_P1_0219.htrms.PG.Quantity,ProLIF,23,DCT2,dct758
[216] DCT_1cell_WISHDIA_P1_0220.htrms.PG.Quantity,DCT1,5,DCT1,dct758
[217] DCT_1cell_WISHDIA_P1_0221.htrms.PG.Quantity,DCT2,19,DCT1,dct758
[218] DCT_1cell_WISHDIA_P1_0222.htrms.PG.Quantity,ProLIF,21,ProLIF,dct758
[219] DCT_1cell_WISHDIA_P1_0223.htrms.PG.Quantity,ProLIF,8,ProLIF,dct758
[220] DCT_1cell_WISHDIA_P1_0224.htrms.PG.Quantity,DCT1,13,DCT1,dct758
[221] DCT_1cell_WISHDIA_P1_0225.htrms.PG.Quantity,DCT1,22,ProLIF,dct758
[222] DCT_1cell_WISHDIA_P1_0226.htrms.PG.Quantity,ProLIF,24,DCT2,dct758
[223] DCT_1cell_WISHDIA_P1_0227.htrms.PG.Quantity,ProLIF,25,Unknown,dct758
[224] DCT_1cell_WISHDIA_P1_0228.htrms.PG.Quantity,DCT2,12,DCT1,dct758
[225] DCT_1cell_WISHDIA_P1_0229.htrms.PG.Quantity,ProLIF,6,DCT1,dct758
[226] DCT_1cell_WISHDIA_P1_0230.htrms.PG.Quantity,ProLIF,21,ProLIF,dct758
[227] DCT_1cell_WISHDIA_P1_0231.htrms.PG.Quantity,DCT1,19,DCT1,dct758
[228] DCT_1cell_WISHDIA_P1_0232.htrms.PG.Quantity,ProLIF,20,ProLIF,dct758
[229] DCT_1cell_WISHDIA_P1_0233.htrms.PG.Quantity,DCT1,12,DCT1,dct758
[230] DCT_1cell_WISHDIA_P1_0234.htrms.PG.Quantity,ProLIF,6,DCT1,dct758
[231] DCT_1cell_WISHDIA_P1_0235.htrms.PG.Quantity,ProLIF,6,DCT1,dct758
[232] DCT_1cell_WISHDIA_P1_0236.htrms.PG.Quantity,ProLIF,17,DCT1,dct758
[233] DCT_1cell_WISHDIA_P1_0237.htrms.PG.Quantity,DCT2,15,DCT1,dct758
[234] DCT_1cell_WISHDIA_P1_0238.htrms.PG.Quantity,DCT1,4,DCT1,dct758
[235] DCT_1cell_WISHDIA_P1_0239.htrms.PG.Quantity,ProLIF,21,ProLIF,dct758
[236] DCT_1cell_WISHDIA_P1_0240.htrms.PG.Quantity,ProLIF,21,ProLIF,dct758
[237] DCT_1cell_WISHDIA_P1_0241.htrms.PG.Quantity,DCT1,18,DCT1,dct758
[238] DCT_1cell_WISHDIA_P1_0242.htrms.PG.Quantity,DCT2,21,ProLIF,dct758
[239] DCT_1cell_WISHDIA_P1_0243.htrms.PG.Quantity,ProLIF,7,DCT2,dct758
[240] DCT_1cell_WISHDIA_P1_0244.htrms.PG.Quantity,DCT1,22,ProLIF,dct758
[241] DCT_1cell_WISHDIA_P1_0245.htrms.PG.Quantity,DCT1,20,ProLIF,dct758
[242] DCT_1cell_WISHDIA_P1_0246.htrms.PG.Quantity,ProLIF,20,ProLIF,dct758
[243] DCT_1cell_WISHDIA_P1_0247.htrms.PG.Quantity,ProLIF,7,DCT2,dct758
[244] DCT_1cell_WISHDIA_P1_0248.htrms.PG.Quantity,ProLIF,17,DCT1,dct758
[245] DCT_1cell_WISHDIA_P1_0249.htrms.PG.Quantity,DCT2,13,DCT1,dct758
[246] DCT_1cell_WISHDIA_P1_0250.htrms.PG.Quantity,ProLIF,7,DCT2,dct758
[247] DCT_1cell_WISHDIA_P1_0251.htrms.PG.Quantity,ProLIF,9,ProLIF,dct758
[248] DCT_1cell_WISHDIA_P1_0252.htrms.PG.Quantity,ProLIF,13,DCT1,dct758
[249] DCT_1cell_WISHDIA_P1_0253.htrms.PG.Quantity,ProLIF,20,ProLIF,dct758
[250] DCT_1cell_WISHDIA_P1_0254.htrms.PG.Quantity,DCT2,12,DCT1,dct758
[251] DCT_1cell_WISHDIA_P1_0255.htrms.PG.Quantity,ProLIF,23,DCT2,dct758
[252] DCT_1cell_WISHDIA_P1_0256.htrms.PG.Quantity,ProLIF,20,ProLIF,dct758
[253] DCT_1cell_WISHDIA_P1_0257.htrms.PG.Quantity,DCT1,7,DCT2,dct758
[254] DCT_1cell_WISHDIA_P1_0258.htrms.PG.Quantity,DCT1,19,DCT1,dct758
[255] DCT_1cell_WISHDIA_P1_0259.htrms.PG.Quantity,DCT2,16,DCT2,dct758
[257] DCT_1cell_WISHDIA_P1_0261.htrms.PG.Quantity,ProLIF,7,DCT2,dct758
[258] DCT_1cell_WISHDIA_P1_0262.htrms.PG.Quantity,ProLIF,7,DCT2,dct758
[259] DCT_1cell_WISHDIA_P1_0263.htrms.PG.Quantity,DCT1,8,ProLIF,dct758
[260] DCT_1cell_WISHDIA_P1_0264.htrms.PG.Quantity,DCT1,18,DCT1,dct758
[261] DCT_1cell_WISHDIA_P1_0265.htrms.PG.Quantity,DCT2,18,DCT1,dct758
[263] DCT_1cell_WISHDIA_P1_0267.htrms.PG.Quantity,ProLIF,16,DCT2,dct758
[264] DCT_1cell_WISHDIA_P1_0268.htrms.PG.Quantity,ProLIF,8,ProLIF,dct758
[265] DCT_1cell_WISHDIA_P1_0269.htrms.PG.Quantity,ProLIF,13,DCT1,dct758
[266] DCT_1cell_WISHDIA_P1_0270.htrms.PG.Quantity,DCT1,4,DCT1,dct758
[267] DCT_1cell_WISHDIA_P1_0271.htrms.PG.Quantity,DCT2,4,DCT1,dct758
[268] DCT_1cell_WISHDIA_P1_0272.htrms.PG.Quantity,ProLIF,22,ProLIF,dct758
[269] DCT_1cell_WISHDIA_P1_0273.htrms.PG.Quantity,ProLIF,21,ProLIF,dct758
[270] DCT_1cell_WISHDIA_P1_0274.htrms.PG.Quantity,DCT1,15,DCT1,dct758
[271] DCT_1cell_WISHDIA_P1_0275.htrms.PG.Quantity,ProLIF,11,ProLIF,dct758
[272] DCT_1cell_WISHDIA_P1_0276.htrms.PG.Quantity,ProLIF,9,ProLIF,dct758
[273] DCT_1cell_WISHDIA_P1_0277.htrms.PG.Quantity,ProLIF,9,ProLIF,dct758
[274] DCT_1cell_WISHDIA_P1_0278.htrms.PG.Quantity,ProLIF,25,Unknown,dct758
[275] DCT_1cell_WISHDIA_P1_0279.htrms.PG.Quantity,DCT1,18,DCT1,dct758
[276] DCT_1cell_WISHDIA_P1_0280.htrms.PG.Quantity,DCT2,5,DCT1,dct758
[277] DCT_1cell_WISHDIA_P1_0281.htrms.PG.Quantity,ProLIF,22,ProLIF,dct758
[278] DCT_1cell_WISHDIA_P1_0282.htrms.PG.Quantity,ProLIF,20,ProLIF,dct758
[279] DCT_1cell_WISHDIA_P1_0283.htrms.PG.Quantity,DCT2,4,DCT1,dct758
[280] DCT_1cell_WISHDIA_P1_0284.htrms.PG.Quantity,ProLIF,16,DCT2,dct758
[281] DCT_1cell_WISHDIA_P1_0285.htrms.PG.Quantity,ProLIF,22,ProLIF,dct758
[282] DCT_1cell_WISHDIA_P1_0286.htrms.PG.Quantity,ProLIF,21,ProLIF,dct758
[283] DCT_1cell_WISHDIA_P1_0287.htrms.PG.Quantity,DCT2,12,DCT1,dct758
[284] DCT_1cell_WISHDIA_P1_0288.htrms.PG.Quantity,ProLIF,21,ProLIF,dct758
[285] DCT_1cell_WISHDIA_P1_0289.htrms.PG.Quantity,ProLIF,12,DCT1,dct758
[286] DCT_1cell_WISHDIA_P1_0290.htrms.PG.Quantity,DCT2,12,DCT1,dct758
[287] DCT_1cell_WISHDIA_P1_0291.htrms.PG.Quantity,DCT1,5,DCT1,dct758
[288] DCT_1cell_WISHDIA_P1_0292.htrms.PG.Quantity,ProLIF,20,ProLIF,dct758
[289] DCT_1cell_WISHDIA_P1_0293.htrms.PG.Quantity,DCT1,20,ProLIF,dct758
[290] DCT_1cell_WISHDIA_P1_0294.htrms.PG.Quantity,ProLIF,16,DCT2,dct758
[291] DCT_1cell_WISHDIA_P1_0295.htrms.PG.Quantity,DCT1,20,ProLIF,dct758
[292] DCT_1cell_WISHDIA_P1_0296.htrms.PG.Quantity,ProLIF,5,DCT1,dct758
[293] DCT_1cell_WISHDIA_P1_0297.htrms.PG.Quantity,DCT2,13,DCT1,dct758
[294] DCT_1cell_WISHDIA_P1_0298.htrms.PG.Quantity,ProLIF,20,ProLIF,dct758
[295] DCT_1cell_WISHDIA_P1_0299.htrms.PG.Quantity,DCT2,13,DCT1,dct758
[296] DCT_1cell_WISHDIA_P1_0300.htrms.PG.Quantity,DCT1,5,DCT1,dct758
[297] DCT_1cell_WISHDIA_P1_0301.htrms.PG.Quantity,DCT2,13,DCT1,dct758
[298] DCT_1cell_WISHDIA_P1_0302.htrms.PG.Quantity,DCT2,13,DCT1,dct758
[299] DCT_1cell_WISHDIA_P1_0303.htrms.PG.Quantity,DCT2,22,ProLIF,dct758
[300] DCT_1cell_WISHDIA_P1_0304.htrms.PG.Quantity,DCT2,19,DCT1,dct758
[301] DCT_1cell_WISHDIA_P1_0305.htrms.PG.Quantity,DCT2,4,DCT1,dct758
[302] DCT_1cell_WISHDIA_P1_0306.htrms.PG.Quantity,ProLIF,9,ProLIF,dct758
[303] DCT_1cell_WISHDIA_P1_0307.htrms.PG.Quantity,DCT1,12,DCT1,dct758
[304] DCT_1cell_WISHDIA_P1_0308.htrms.PG.Quantity,DCT2,13,DCT1,dct758
[305] DCT_1cell_WISHDIA_P1_0309.htrms.PG.Quantity,DCT1,13,DCT1,dct758
[306] DCT_1cell_WISHDIA_P1_0310.htrms.PG.Quantity,ProLIF,20,ProLIF,dct758
[307] DCT_1cell_WISHDIA_P1_0311.htrms.PG.Quantity,DCT1,6,DCT1,dct758
[308] DCT_1cell_WISHDIA_P1_0312.htrms.PG.Quantity,ProLIF,18,DCT1,dct758
[309] DCT_1cell_WISHDIA_P1_0313.htrms.PG.Quantity,DCT2,16,DCT2,dct758
[310] DCT_1cell_WISHDIA_P1_0314.htrms.PG.Quantity,DCT2,23,DCT2,dct758
[311] DCT_1cell_WISHDIA_P1_0315.htrms.PG.Quantity,DCT1,9,ProLIF,dct758
[313] DCT_1cell_WISHDIA_P1_0317.htrms.PG.Quantity,DCT2,20,ProLIF,dct758
[314] DCT_1cell_WISHDIA_P1_0318.htrms.PG.Quantity,DCT1,19,DCT1,dct758
[315] DCT_1cell_WISHDIA_P1_0319.htrms.PG.Quantity,DCT1,16,DCT2,dct758
[316] DCT_1cell_WISHDIA_P1_0320.htrms.PG.Quantity,DCT1,5,DCT1,dct758
[317] DCT_1cell_WISHDIA_P1_0321.htrms.PG.Quantity,DCT1,11,ProLIF,dct758
[318] DCT_1cell_WISHDIA_P1_0322.htrms.PG.Quantity,DCT1,19,DCT1,dct758
[319] DCT_1cell_WISHDIA_P1_0323.htrms.PG.Quantity,DCT1,19,DCT1,dct758
[320] DCT_1cell_WISHDIA_P1_0324.htrms.PG.Quantity,DCT2,24,DCT2,dct758
[321] DCT_1cell_WISHDIA_P1_0325.htrms.PG.Quantity,DCT1,21,ProLIF,dct758
[322] DCT_1cell_WISHDIA_P1_0326.htrms.PG.Quantity,ProLIF,20,ProLIF,dct758
[323] DCT_1cell_WISHDIA_P1_0327.htrms.PG.Quantity,DCT2,12,DCT1,dct758
[324] DCT_1cell_WISHDIA_P1_0328.htrms.PG.Quantity,ProLIF,19,DCT1,dct758
[325] DCT_1cell_WISHDIA_P1_0329.htrms.PG.Quantity,DCT1,13,DCT1,dct758
[326] DCT_1cell_WISHDIA_P1_0330.htrms.PG.Quantity,ProLIF,20,ProLIF,dct758
[327] DCT_1cell_WISHDIA_P1_0331.htrms.PG.Quantity,ProLIF,13,DCT1,dct758
[328] DCT_1cell_WISHDIA_P1_0332.htrms.PG.Quantity,DCT2,12,DCT1,dct758
[329] DCT_1cell_WISHDIA_P1_0333.htrms.PG.Quantity,DCT2,21,ProLIF,dct758
[330] DCT_1cell_WISHDIA_P1_0334.htrms.PG.Quantity,DCT2,12,DCT1,dct758
[331] DCT_1cell_WISHDIA_P1_0335.htrms.PG.Quantity,DCT2,20,ProLIF,dct758
[332] DCT_1cell_WISHDIA_P1_0336.htrms.PG.Quantity,DCT1,20,ProLIF,dct758
[333] DCT_1cell_WISHDIA_P1_0337.htrms.PG.Quantity,DCT1,13,DCT1,dct758
[334] DCT_1cell_WISHDIA_P1_0338.htrms.PG.Quantity,ProLIF,13,DCT1,dct758
[335] DCT_1cell_WISHDIA_P1_0339.htrms.PG.Quantity,ProLIF,13,DCT1,dct758
[336] DCT_1cell_WISHDIA_P1_0340.htrms.PG.Quantity,DCT1,20,ProLIF,dct758
[337] DCT_1cell_WISHDIA_P1_0341.htrms.PG.Quantity,DCT1,4,DCT1,dct758
[338] DCT_1cell_WISHDIA_P1_0342.htrms.PG.Quantity,ProLIF,23,DCT2,dct758
[339] DCT_1cell_WISHDIA_P1_0343.htrms.PG.Quantity,DCT2,12,DCT1,dct758
[340] DCT_1cell_WISHDIA_P1_0344.htrms.PG.Quantity,DCT2,21,ProLIF,dct758
[341] DCT_1cell_WISHDIA_P1_0345.htrms.PG.Quantity,DCT2,22,ProLIF,dct758
[342] DCT_1cell_WISHDIA_P1_0346.htrms.PG.Quantity,DCT2,16,DCT2,dct758
[343] DCT_1cell_WISHDIA_P1_0347.htrms.PG.Quantity,ProLIF,9,ProLIF,dct758
[344] DCT_1cell_WISHDIA_P1_0348.htrms.PG.Quantity,DCT1,22,ProLIF,dct758
[345] DCT_1cell_WISHDIA_P1_0349.htrms.PG.Quantity,ProLIF,22,ProLIF,dct758
[346] DCT_1cell_WISHDIA_P1_0350.htrms.PG.Quantity,DCT1,20,ProLIF,dct758
[347] DCT_1cell_WISHDIA_P1_0351.htrms.PG.Quantity,ProLIF,9,ProLIF,dct758
[348] DCT_1cell_WISHDIA_P1_0352.htrms.PG.Quantity,DCT2,16,DCT2,dct758
[349] DCT_1cell_WISHDIA_P1_0353.htrms.PG.Quantity,ProLIF,20,ProLIF,dct758
[350] DCT_1cell_WISHDIA_P1_0354.htrms.PG.Quantity,DCT2,12,DCT1,dct758
[351] DCT_1cell_WISHDIA_P1_0355.htrms.PG.Quantity,ProLIF,23,DCT2,dct758
[352] DCT_1cell_WISHDIA_P1_0356.htrms.PG.Quantity,DCT2,7,DCT2,dct758
[353] DCT_1cell_WISHDIA_P1_0357.htrms.PG.Quantity,DCT1,7,DCT2,dct758
[354] DCT_1cell_WISHDIA_P1_0358.htrms.PG.Quantity,DCT1,12,DCT1,dct758
[355] DCT_1cell_WISHDIA_P1_0359.htrms.PG.Quantity,DCT1,3,DCT1,dct758
[356] DCT_1cell_WISHDIA_P1_0360.htrms.PG.Quantity,DCT1,15,DCT1,dct758
[357] DCT_1cell_WISHDIA_P1_0361.htrms.PG.Quantity,ProLIF,22,ProLIF,dct758
[358] DCT_1cell_WISHDIA_P1_0362.htrms.PG.Quantity,DCT1,18,DCT1,dct758
[359] DCT_1cell_WISHDIA_P1_0363.htrms.PG.Quantity,DCT1,7,DCT2,dct758
[360] DCT_1cell_WISHDIA_P1_0364.htrms.PG.Quantity,DCT2,7,DCT2,dct758
[361] DCT_1cell_WISHDIA_P1_0365.htrms.PG.Quantity,DCT1,18,DCT1,dct758
[362] DCT_1cell_WISHDIA_P1_0366.htrms.PG.Quantity,DCT1,21,ProLIF,dct758
[363] DCT_1cell_WISHDIA_P1_0367.htrms.PG.Quantity,ProLIF,4,DCT1,dct758
[365] DCT_1cell_WISHDIA_P1_0369.htrms.PG.Quantity,ProLIF,15,DCT1,dct758
[366] DCT_1cell_WISHDIA_P1_0370.htrms.PG.Quantity,DCT2,15,DCT1,dct758
[367] DCT_1cell_WISHDIA_P1_0371.htrms.PG.Quantity,DCT1,15,DCT1,dct758
[368] DCT_1cell_WISHDIA_P1_0373.htrms.PG.Quantity,DCT2,6,DCT1,dct758
[369] DCT_1cell_WISHDIA_P1_0378.htrms.PG.Quantity,DCT2,6,DCT1,dct758
[370] DCT_1cell_WISHDIA_P1_0379.htrms.PG.Quantity,DCT1,6,DCT1,dct758
[371] DCT_1cell_WISHDIA_P1_0380.htrms.PG.Quantity,ProLIF,21,ProLIF,dct758
[372] DCT_1cell_WISHDIA_P1_0381.htrms.PG.Quantity,ProLIF,19,DCT1,dct758
[373] DCT_1cell_WISHDIA_P1_0382.htrms.PG.Quantity,ProLIF,23,DCT2,dct758
[374] DCT_1cell_WISHDIA_P1_0383.htrms.PG.Quantity,ProLIF,20,ProLIF,dct758
[375] DCT_1cell_WISHDIA_P1_0384.htrms.PG.Quantity,DCT1,5,DCT1,dct758
[376] DCT_1cell_WISHDIA_P2_0001.htrms.PG.Quantity,DCT1,3,DCT1,dct758
[377] DCT_1cell_WISHDIA_P2_0002.htrms.PG.Quantity,DCT2,1,DCT2,dct758
[378] DCT_1cell_WISHDIA_P2_0003.htrms.PG.Quantity,ProLIF,5,DCT1,dct758
[379] DCT_1cell_WISHDIA_P2_0004.htrms.PG.Quantity,DCT2,4,DCT1,dct758
[380] DCT_1cell_WISHDIA_P2_0005.htrms.PG.Quantity,DCT2,26,DCT1,dct758
[381] DCT_1cell_WISHDIA_P2_0006.htrms.PG.Quantity,DCT2,4,DCT1,dct758
[382] DCT_1cell_WISHDIA_P2_0007.htrms.PG.Quantity,DCT2,5,DCT1,dct758
[383] DCT_1cell_WISHDIA_P2_0008.htrms.PG.Quantity,DCT2,24,DCT2,dct758
[384] DCT_1cell_WISHDIA_P2_0009.htrms.PG.Quantity,DCT2,27,DCT1,dct758
[385] DCT_1cell_WISHDIA_P2_0010.htrms.PG.Quantity,ProLIF,27,DCT1,dct758
[386] DCT_1cell_WISHDIA_P2_0011.htrms.PG.Quantity,DCT1,19,DCT1,dct758
[387] DCT_1cell_WISHDIA_P2_0012.htrms.PG.Quantity,DCT1,17,DCT1,dct758
[388] DCT_1cell_WISHDIA_P2_0013.htrms.PG.Quantity,DCT2,26,DCT1,dct758
[389] DCT_1cell_WISHDIA_P2_0014.htrms.PG.Quantity,DCT1,14,DCT1,dct758
[390] DCT_1cell_WISHDIA_P2_0015.htrms.PG.Quantity,DCT1,26,DCT1,dct758
[391] DCT_1cell_WISHDIA_P2_0016.htrms.PG.Quantity,DCT2,15,DCT1,dct758
[392] DCT_1cell_WISHDIA_P2_0017.htrms.PG.Quantity,DCT2,27,DCT1,dct758
[393] DCT_1cell_WISHDIA_P2_0018.htrms.PG.Quantity,DCT1,27,DCT1,dct758
[394] DCT_1cell_WISHDIA_P2_0019.htrms.PG.Quantity,DCT2,24,DCT2,dct758
[395] DCT_1cell_WISHDIA_P2_0020.htrms.PG.Quantity,DCT1,3,DCT1,dct758
[396] DCT_1cell_WISHDIA_P2_0021.htrms.PG.Quantity,DCT1,4,DCT1,dct758
[397] DCT_1cell_WISHDIA_P2_0022.htrms.PG.Quantity,DCT2,24,DCT2,dct758
[398] DCT_1cell_WISHDIA_P2_0023.htrms.PG.Quantity,ProLIF,27,DCT1,dct758
[399] DCT_1cell_WISHDIA_P2_0024.htrms.PG.Quantity,DCT1,12,DCT1,dct758
[400] DCT_1cell_WISHDIA_P2_0025.htrms.PG.Quantity,DCT2,14,DCT1,dct758
[401] DCT_1cell_WISHDIA_P2_0026.htrms.PG.Quantity,ProLIF,27,DCT1,dct758
[402] DCT_1cell_WISHDIA_P2_0027.htrms.PG.Quantity,DCT1,24,DCT2,dct758
[403] DCT_1cell_WISHDIA_P2_0028.htrms.PG.Quantity,DCT1,27,DCT1,dct758
[404] DCT_1cell_WISHDIA_P2_0029.htrms.PG.Quantity,DCT1,5,DCT1,dct758
[405] DCT_1cell_WISHDIA_P2_0030.htrms.PG.Quantity,DCT1,27,DCT1,dct758
[406] DCT_1cell_WISHDIA_P2_0031.htrms.PG.Quantity,ProLIF,27,DCT1,dct758
[407] DCT_1cell_WISHDIA_P2_0032.htrms.PG.Quantity,DCT2,17,DCT1,dct758
[408] DCT_1cell_WISHDIA_P2_0033.htrms.PG.Quantity,DCT1,27,DCT1,dct758
[409] DCT_1cell_WISHDIA_P2_0034.htrms.PG.Quantity,DCT1,27,DCT1,dct758
[410] DCT_1cell_WISHDIA_P2_0035.htrms.PG.Quantity,DCT1,14,DCT1,dct758
[411] DCT_1cell_WISHDIA_P2_0036.htrms.PG.Quantity,ProLIF,24,DCT2,dct758
[412] DCT_1cell_WISHDIA_P2_0037.htrms.PG.Quantity,ProLIF,22,ProLIF,dct758
[413] DCT_1cell_WISHDIA_P2_0038.htrms.PG.Quantity,DCT2,14,DCT1,dct758
[414] DCT_1cell_WISHDIA_P2_0039.htrms.PG.Quantity,DCT1,17,DCT1,dct758
[415] DCT_1cell_WISHDIA_P2_0040.htrms.PG.Quantity,DCT1,15,DCT1,dct758
[416] DCT_1cell_WISHDIA_P2_0041.htrms.PG.Quantity,ProLIF,17,DCT1,dct758
[417] DCT_1cell_WISHDIA_P2_0042.htrms.PG.Quantity,DCT1,26,DCT1,dct758
[418] DCT_1cell_WISHDIA_P2_0043.htrms.PG.Quantity,DCT2,27,DCT1,dct758
[419] DCT_1cell_WISHDIA_P2_0044.htrms.PG.Quantity,DCT1,26,DCT1,dct758
[420] DCT_1cell_WISHDIA_P2_0045.htrms.PG.Quantity,DCT1,26,DCT1,dct758
[421] DCT_1cell_WISHDIA_P2_0046.htrms.PG.Quantity,DCT1,26,DCT1,dct758
[422] DCT_1cell_WISHDIA_P2_0047.htrms.PG.Quantity,DCT1,17,DCT1,dct758
[423] DCT_1cell_WISHDIA_P2_0048.htrms.PG.Quantity,ProLIF,26,DCT1,dct758
[424] DCT_1cell_WISHDIA_P2_0049.htrms.PG.Quantity,DCT2,26,DCT1,dct758
[425] DCT_1cell_WISHDIA_P2_0050.htrms.PG.Quantity,DCT1,12,DCT1,dct758
[426] DCT_1cell_WISHDIA_P2_0051.htrms.PG.Quantity,DCT2,26,DCT1,dct758
[427] DCT_1cell_WISHDIA_P2_0052.htrms.PG.Quantity,ProLIF,26,DCT1,dct758
[428] DCT_1cell_WISHDIA_P2_0053.htrms.PG.Quantity,DCT1,14,DCT1,dct758
[429] DCT_1cell_WISHDIA_P2_0054.htrms.PG.Quantity,DCT1,27,DCT1,dct758
[430] DCT_1cell_WISHDIA_P2_0055.htrms.PG.Quantity,DCT1,15,DCT1,dct758
[431] DCT_1cell_WISHDIA_P2_0056.htrms.PG.Quantity,DCT1,26,DCT1,dct758
[432] DCT_1cell_WISHDIA_P2_0057.htrms.PG.Quantity,DCT2,27,DCT1,dct758
[433] DCT_1cell_WISHDIA_P2_0058.htrms.PG.Quantity,DCT1,26,DCT1,dct758
[434] DCT_1cell_WISHDIA_P2_0059.htrms.PG.Quantity,DCT1,27,DCT1,dct758
[435] DCT_1cell_WISHDIA_P2_0060.htrms.PG.Quantity,DCT1,17,DCT1,dct758
[436] DCT_1cell_WISHDIA_P2_0061.htrms.PG.Quantity,DCT2,22,ProLIF,dct758
[437] DCT_1cell_WISHDIA_P2_0062.htrms.PG.Quantity,DCT1,13,DCT1,dct758
[438] DCT_1cell_WISHDIA_P2_0063.htrms.PG.Quantity,DCT2,20,ProLIF,dct758
[439] DCT_1cell_WISHDIA_P2_0064.htrms.PG.Quantity,DCT2,12,DCT1,dct758
[440] DCT_1cell_WISHDIA_P2_0065.htrms.PG.Quantity,ProLIF,28,ProLIF,dct758
[441] DCT_1cell_WISHDIA_P2_0066.htrms.PG.Quantity,ProLIF,26,DCT1,dct758
[442] DCT_1cell_WISHDIA_P2_0067.htrms.PG.Quantity,DCT2,22,ProLIF,dct758
[443] DCT_1cell_WISHDIA_P2_0068.htrms.PG.Quantity,ProLIF,26,DCT1,dct758
[444] DCT_1cell_WISHDIA_P2_0069.htrms.PG.Quantity,ProLIF,26,DCT1,dct758
[445] DCT_1cell_WISHDIA_P2_0070.htrms.PG.Quantity,DCT2,17,DCT1,dct758
[446] DCT_1cell_WISHDIA_P2_0071.htrms.PG.Quantity,DCT1,3,DCT1,dct758
[447] DCT_1cell_WISHDIA_P2_0072.htrms.PG.Quantity,DCT1,14,DCT1,dct758
[448] DCT_1cell_WISHDIA_P2_0073.htrms.PG.Quantity,ProLIF,23,DCT2,dct758
[449] DCT_1cell_WISHDIA_P2_0074.htrms.PG.Quantity,DCT1,25,Unknown,dct758
[450] DCT_1cell_WISHDIA_P2_0075.htrms.PG.Quantity,DCT2,27,DCT1,dct758
[451] DCT_1cell_WISHDIA_P2_0076.htrms.PG.Quantity,DCT2,29,ProLIF,dct758
[452] DCT_1cell_WISHDIA_P2_0077.htrms.PG.Quantity,ProLIF,26,DCT1,dct758
[453] DCT_1cell_WISHDIA_P2_0078.htrms.PG.Quantity,DCT1,27,DCT1,dct758
[454] DCT_1cell_WISHDIA_P2_0079.htrms.PG.Quantity,DCT2,27,DCT1,dct758
[455] DCT_1cell_WISHDIA_P2_0080.htrms.PG.Quantity,DCT2,29,ProLIF,dct758
[456] DCT_1cell_WISHDIA_P2_0081.htrms.PG.Quantity,DCT1,27,DCT1,dct758
[457] DCT_1cell_WISHDIA_P2_0082.htrms.PG.Quantity,DCT2,27,DCT1,dct758
[458] DCT_1cell_WISHDIA_P2_0083.htrms.PG.Quantity,DCT2,14,DCT1,dct758
[459] DCT_1cell_WISHDIA_P2_0084.htrms.PG.Quantity,DCT1,27,DCT1,dct758
[460] DCT_1cell_WISHDIA_P2_0085.htrms.PG.Quantity,ProLIF,26,DCT1,dct758
[461] DCT_1cell_WISHDIA_P2_0086.htrms.PG.Quantity,ProLIF,28,ProLIF,dct758
[462] DCT_1cell_WISHDIA_P2_0087.htrms.PG.Quantity,DCT1,3,DCT1,dct758
[463] DCT_1cell_WISHDIA_P2_0088.htrms.PG.Quantity,DCT1,21,ProLIF,dct758
[464] DCT_1cell_WISHDIA_P2_0089.htrms.PG.Quantity,DCT2,23,DCT2,dct758
[465] DCT_1cell_WISHDIA_P2_0090.htrms.PG.Quantity,DCT2,22,ProLIF,dct758
[466] DCT_1cell_WISHDIA_P2_0091.htrms.PG.Quantity,DCT2,23,DCT2,dct758
[467] DCT_1cell_WISHDIA_P2_0092.htrms.PG.Quantity,DCT1,17,DCT1,dct758
[468] DCT_1cell_WISHDIA_P2_0093.htrms.PG.Quantity,DCT2,19,DCT1,dct758
[469] DCT_1cell_WISHDIA_P2_0094.htrms.PG.Quantity,DCT1,12,DCT1,dct758
[470] DCT_1cell_WISHDIA_P2_0095.htrms.PG.Quantity,DCT1,27,DCT1,dct758
[471] DCT_1cell_WISHDIA_P2_0096.htrms.PG.Quantity,ProLIF,26,DCT1,dct758
[472] DCT_1cell_WISHDIA_P2_0097.htrms.PG.Quantity,ProLIF,28,ProLIF,dct758
[473] DCT_1cell_WISHDIA_P2_0098.htrms.PG.Quantity,ProLIF,26,DCT1,dct758
[474] DCT_1cell_WISHDIA_P2_0099.htrms.PG.Quantity,DCT1,15,DCT1,dct758
[475] DCT_1cell_WISHDIA_P2_0100.htrms.PG.Quantity,DCT1,14,DCT1,dct758
[476] DCT_1cell_WISHDIA_P2_0101.htrms.PG.Quantity,ProLIF,29,ProLIF,dct758
[477] DCT_1cell_WISHDIA_P2_0102.htrms.PG.Quantity,DCT1,26,DCT1,dct758
[478] DCT_1cell_WISHDIA_P2_0103.htrms.PG.Quantity,DCT1,19,DCT1,dct758
[479] DCT_1cell_WISHDIA_P2_0104.htrms.PG.Quantity,DCT1,5,DCT1,dct758
[480] DCT_1cell_WISHDIA_P2_0105.htrms.PG.Quantity,DCT1,28,ProLIF,dct758
[481] DCT_1cell_WISHDIA_P2_0106.htrms.PG.Quantity,DCT1,12,DCT1,dct758
[482] DCT_1cell_WISHDIA_P2_0107.htrms.PG.Quantity,ProLIF,22,ProLIF,dct758
[483] DCT_1cell_WISHDIA_P2_0108.htrms.PG.Quantity,ProLIF,28,ProLIF,dct758
[484] DCT_1cell_WISHDIA_P2_0109.htrms.PG.Quantity,DCT2,23,DCT2,dct758
[485] DCT_1cell_WISHDIA_P2_0110.htrms.PG.Quantity,ProLIF,30,DCT1,dct758
[486] DCT_1cell_WISHDIA_P2_0111.htrms.PG.Quantity,DCT2,14,DCT1,dct758
[487] DCT_1cell_WISHDIA_P2_0112.htrms.PG.Quantity,ProLIF,21,ProLIF,dct758
[488] DCT_1cell_WISHDIA_P2_0113.htrms.PG.Quantity,DCT1,26,DCT1,dct758
[489] DCT_1cell_WISHDIA_P2_0114.htrms.PG.Quantity,DCT2,23,DCT2,dct758
[490] DCT_1cell_WISHDIA_P2_0115.htrms.PG.Quantity,ProLIF,23,DCT2,dct758
[491] DCT_1cell_WISHDIA_P2_0116.htrms.PG.Quantity,DCT2,29,ProLIF,dct758
[492] DCT_1cell_WISHDIA_P2_0117.htrms.PG.Quantity,DCT1,26,DCT1,dct758
[493] DCT_1cell_WISHDIA_P2_0118.htrms.PG.Quantity,DCT1,4,DCT1,dct758
[494] DCT_1cell_WISHDIA_P2_0119.htrms.PG.Quantity,ProLIF,28,ProLIF,dct758
[495] DCT_1cell_WISHDIA_P2_0120.htrms.PG.Quantity,DCT1,26,DCT1,dct758
[496] DCT_1cell_WISHDIA_P2_0121.htrms.PG.Quantity,DCT2,23,DCT2,dct758
[497] DCT_1cell_WISHDIA_P2_0122.htrms.PG.Quantity,DCT2,15,DCT1,dct758
[498] DCT_1cell_WISHDIA_P2_0123.htrms.PG.Quantity,DCT2,26,DCT1,dct758
[499] DCT_1cell_WISHDIA_P2_0124.htrms.PG.Quantity,DCT1,26,DCT1,dct758
[500] DCT_1cell_WISHDIA_P2_0125.htrms.PG.Quantity,DCT2,3,DCT1,dct758
[501] DCT_1cell_WISHDIA_P2_0126.htrms.PG.Quantity,DCT1,30,DCT1,dct758
[502] DCT_1cell_WISHDIA_P2_0127.htrms.PG.Quantity,DCT2,14,DCT1,dct758
[503] DCT_1cell_WISHDIA_P2_0128.htrms.PG.Quantity,DCT2,23,DCT2,dct758
[504] DCT_1cell_WISHDIA_P2_0129.htrms.PG.Quantity,ProLIF,22,ProLIF,dct758
[505] DCT_1cell_WISHDIA_P2_0130.htrms.PG.Quantity,DCT2,15,DCT1,dct758
[506] DCT_1cell_WISHDIA_P2_0131.htrms.PG.Quantity,DCT2,27,DCT1,dct758
[507] DCT_1cell_WISHDIA_P2_0132.htrms.PG.Quantity,ProLIF,26,DCT1,dct758
[508] DCT_1cell_WISHDIA_P2_0133.htrms.PG.Quantity,DCT1,27,DCT1,dct758
[509] DCT_1cell_WISHDIA_P2_0134.htrms.PG.Quantity,DCT1,26,DCT1,dct758
[510] DCT_1cell_WISHDIA_P2_0135.htrms.PG.Quantity,DCT1,17,DCT1,dct758
[511] DCT_1cell_WISHDIA_P2_0136.htrms.PG.Quantity,DCT2,15,DCT1,dct758
[512] DCT_1cell_WISHDIA_P2_0137.htrms.PG.Quantity,ProLIF,26,DCT1,dct758
[513] DCT_1cell_WISHDIA_P2_0138.htrms.PG.Quantity,DCT1,15,DCT1,dct758
[515] DCT_1cell_WISHDIA_P2_0140.htrms.PG.Quantity,ProLIF,22,ProLIF,dct758
[516] DCT_1cell_WISHDIA_P2_0141.htrms.PG.Quantity,DCT2,30,DCT1,dct758
[517] DCT_1cell_WISHDIA_P2_0142.htrms.PG.Quantity,ProLIF,27,DCT1,dct758
[518] DCT_1cell_WISHDIA_P2_0143.htrms.PG.Quantity,DCT2,24,DCT2,dct758
[519] DCT_1cell_WISHDIA_P2_0144.htrms.PG.Quantity,ProLIF,27,DCT1,dct758
[520] DCT_1cell_WISHDIA_P2_0145.htrms.PG.Quantity,ProLIF,14,DCT1,dct758
[521] DCT_1cell_WISHDIA_P2_0146.htrms.PG.Quantity,DCT1,24,DCT2,dct758
[522] DCT_1cell_WISHDIA_P2_0147.htrms.PG.Quantity,DCT1,14,DCT1,dct758
[523] DCT_1cell_WISHDIA_P2_0148.htrms.PG.Quantity,DCT1,29,ProLIF,dct758
[524] DCT_1cell_WISHDIA_P2_0149.htrms.PG.Quantity,DCT1,27,DCT1,dct758
[525] DCT_1cell_WISHDIA_P2_0150.htrms.PG.Quantity,DCT2,15,DCT1,dct758
[526] DCT_1cell_WISHDIA_P2_0151.htrms.PG.Quantity,DCT2,21,ProLIF,dct758
[527] DCT_1cell_WISHDIA_P2_0152.htrms.PG.Quantity,DCT1,21,ProLIF,dct758
[528] DCT_1cell_WISHDIA_P2_0153.htrms.PG.Quantity,ProLIF,23,DCT2,dct758
[529] DCT_1cell_WISHDIA_P2_0154.htrms.PG.Quantity,DCT1,28,ProLIF,dct758
[530] DCT_1cell_WISHDIA_P2_0155.htrms.PG.Quantity,DCT1,30,DCT1,dct758
[531] DCT_1cell_WISHDIA_P2_0156.htrms.PG.Quantity,DCT1,22,ProLIF,dct758
[532] DCT_1cell_WISHDIA_P2_0157.htrms.PG.Quantity,ProLIF,28,ProLIF,dct758
[533] DCT_1cell_WISHDIA_P2_0158.htrms.PG.Quantity,ProLIF,28,ProLIF,dct758
[534] DCT_1cell_WISHDIA_P2_0159.htrms.PG.Quantity,DCT2,28,ProLIF,dct758
[535] DCT_1cell_WISHDIA_P2_0160.htrms.PG.Quantity,DCT2,23,DCT2,dct758
[536] DCT_1cell_WISHDIA_P2_0161.htrms.PG.Quantity,DCT1,15,DCT1,dct758
[537] DCT_1cell_WISHDIA_P2_0162.htrms.PG.Quantity,DCT1,15,DCT1,dct758
[538] DCT_1cell_WISHDIA_P2_0163.htrms.PG.Quantity,DCT2,5,DCT1,dct758
[539] DCT_1cell_WISHDIA_P2_0164.htrms.PG.Quantity,ProLIF,3,DCT1,dct758
[540] DCT_1cell_WISHDIA_P2_0165.htrms.PG.Quantity,DCT1,14,DCT1,dct758
[541] DCT_1cell_WISHDIA_P2_0166.htrms.PG.Quantity,DCT1,12,DCT1,dct758
[542] DCT_1cell_WISHDIA_P2_0167.htrms.PG.Quantity,DCT1,29,ProLIF,dct758
[543] DCT_1cell_WISHDIA_P2_0168.htrms.PG.Quantity,DCT1,28,ProLIF,dct758
[544] DCT_1cell_WISHDIA_P2_0169.htrms.PG.Quantity,ProLIF,29,ProLIF,dct758
[545] DCT_1cell_WISHDIA_P2_0170.htrms.PG.Quantity,DCT1,28,ProLIF,dct758
[546] DCT_1cell_WISHDIA_P2_0171.htrms.PG.Quantity,DCT1,29,ProLIF,dct758
[547] DCT_1cell_WISHDIA_P2_0172.htrms.PG.Quantity,DCT2,15,DCT1,dct758
[548] DCT_1cell_WISHDIA_P2_0173.htrms.PG.Quantity,ProLIF,23,DCT2,dct758
[549] DCT_1cell_WISHDIA_P2_0174.htrms.PG.Quantity,ProLIF,29,ProLIF,dct758
[550] DCT_1cell_WISHDIA_P2_0175.htrms.PG.Quantity,DCT2,28,ProLIF,dct758
[551] DCT_1cell_WISHDIA_P2_0176.htrms.PG.Quantity,DCT1,22,ProLIF,dct758
[552] DCT_1cell_WISHDIA_P2_0177.htrms.PG.Quantity,DCT2,14,DCT1,dct758
[553] DCT_1cell_WISHDIA_P2_0178.htrms.PG.Quantity,DCT2,19,DCT1,dct758
[554] DCT_1cell_WISHDIA_P2_0179.htrms.PG.Quantity,DCT1,30,DCT1,dct758
[555] DCT_1cell_WISHDIA_P2_0180.htrms.PG.Quantity,DCT1,12,DCT1,dct758
[556] DCT_1cell_WISHDIA_P2_0181.htrms.PG.Quantity,ProLIF,22,ProLIF,dct758
[557] DCT_1cell_WISHDIA_P2_0182.htrms.PG.Quantity,DCT1,21,ProLIF,dct758
[558] DCT_1cell_WISHDIA_P2_0183.htrms.PG.Quantity,DCT1,22,ProLIF,dct758
[559] DCT_1cell_WISHDIA_P2_0184.htrms.PG.Quantity,DCT2,15,DCT1,dct758
[560] DCT_1cell_WISHDIA_P2_0185.htrms.PG.Quantity,DCT1,4,DCT1,dct758
[561] DCT_1cell_WISHDIA_P2_0186.htrms.PG.Quantity,DCT2,19,DCT1,dct758
[562] DCT_1cell_WISHDIA_P2_0187.htrms.PG.Quantity,DCT1,30,DCT1,dct758
[563] DCT_1cell_WISHDIA_P2_0188.htrms.PG.Quantity,ProLIF,30,DCT1,dct758
[564] DCT_1cell_WISHDIA_P2_0189.htrms.PG.Quantity,ProLIF,30,DCT1,dct758
[565] DCT_1cell_WISHDIA_P2_0190.htrms.PG.Quantity,ProLIF,27,DCT1,dct758
[566] DCT_1cell_WISHDIA_P2_0191.htrms.PG.Quantity,ProLIF,15,DCT1,dct758
[567] DCT_1cell_WISHDIA_P2_0192.htrms.PG.Quantity,DCT2,29,ProLIF,dct758
[568] DCT_1cell_WISHDIA_P2_0193.htrms.PG.Quantity,ProLIF,12,DCT1,dct758
[569] DCT_1cell_WISHDIA_P2_0194.htrms.PG.Quantity,ProLIF,28,ProLIF,dct758
[570] DCT_1cell_WISHDIA_P2_0195.htrms.PG.Quantity,DCT1,5,DCT1,dct758
[571] DCT_1cell_WISHDIA_P2_0196.htrms.PG.Quantity,ProLIF,26,DCT1,dct758
[572] DCT_1cell_WISHDIA_P2_0197.htrms.PG.Quantity,DCT2,27,DCT1,dct758
[573] DCT_1cell_WISHDIA_P2_0198.htrms.PG.Quantity,DCT2,23,DCT2,dct758
[574] DCT_1cell_WISHDIA_P2_0199.htrms.PG.Quantity,DCT2,19,DCT1,dct758
[575] DCT_1cell_WISHDIA_P2_0200.htrms.PG.Quantity,ProLIF,29,ProLIF,dct758
[576] DCT_1cell_WISHDIA_P2_0201.htrms.PG.Quantity,DCT2,23,DCT2,dct758
[577] DCT_1cell_WISHDIA_P2_0202.htrms.PG.Quantity,DCT2,22,ProLIF,dct758
[578] DCT_1cell_WISHDIA_P2_0203.htrms.PG.Quantity,DCT1,29,ProLIF,dct758
[579] DCT_1cell_WISHDIA_P2_0204.htrms.PG.Quantity,DCT1,5,DCT1,dct758
[580] DCT_1cell_WISHDIA_P2_0205.htrms.PG.Quantity,DCT2,3,DCT1,dct758
[581] DCT_1cell_WISHDIA_P2_0206.htrms.PG.Quantity,ProLIF,28,ProLIF,dct758
[582] DCT_1cell_WISHDIA_P2_0207.htrms.PG.Quantity,DCT2,3,DCT1,dct758
[583] DCT_1cell_WISHDIA_P2_0208.htrms.PG.Quantity,ProLIF,23,DCT2,dct758
[584] DCT_1cell_WISHDIA_P2_0209.htrms.PG.Quantity,DCT2,28,ProLIF,dct758
[585] DCT_1cell_WISHDIA_P2_0210.htrms.PG.Quantity,ProLIF,26,DCT1,dct758
[586] DCT_1cell_WISHDIA_P2_0211.htrms.PG.Quantity,ProLIF,23,DCT2,dct758
[587] DCT_1cell_WISHDIA_P2_0212.htrms.PG.Quantity,DCT1,27,DCT1,dct758
[588] DCT_1cell_WISHDIA_P2_0213.htrms.PG.Quantity,ProLIF,22,ProLIF,dct758
[589] DCT_1cell_WISHDIA_P2_0214.htrms.PG.Quantity,DCT2,28,ProLIF,dct758
[590] DCT_1cell_WISHDIA_P2_0215.htrms.PG.Quantity,ProLIF,12,DCT1,dct758
[591] DCT_1cell_WISHDIA_P2_0216.htrms.PG.Quantity,DCT1,30,DCT1,dct758
[592] DCT_1cell_WISHDIA_P2_0217.htrms.PG.Quantity,ProLIF,21,ProLIF,dct758
[593] DCT_1cell_WISHDIA_P2_0218.htrms.PG.Quantity,DCT1,29,ProLIF,dct758
[594] DCT_1cell_WISHDIA_P2_0219.htrms.PG.Quantity,DCT2,21,ProLIF,dct758
[595] DCT_1cell_WISHDIA_P2_0220.htrms.PG.Quantity,DCT2,7,DCT2,dct758
[596] DCT_1cell_WISHDIA_P2_0221.htrms.PG.Quantity,DCT2,15,DCT1,dct758
[597] DCT_1cell_WISHDIA_P2_0222.htrms.PG.Quantity,DCT1,21,ProLIF,dct758
[598] DCT_1cell_WISHDIA_P2_0223.htrms.PG.Quantity,DCT1,21,ProLIF,dct758
[599] DCT_1cell_WISHDIA_P2_0224.htrms.PG.Quantity,ProLIF,16,DCT2,dct758
[600] DCT_1cell_WISHDIA_P2_0225.htrms.PG.Quantity,DCT2,23,DCT2,dct758
[601] DCT_1cell_WISHDIA_P2_0226.htrms.PG.Quantity,ProLIF,22,ProLIF,dct758
[602] DCT_1cell_WISHDIA_P2_0227.htrms.PG.Quantity,DCT1,28,ProLIF,dct758
[603] DCT_1cell_WISHDIA_P2_0228.htrms.PG.Quantity,DCT2,22,ProLIF,dct758
[604] DCT_1cell_WISHDIA_P2_0229.htrms.PG.Quantity,ProLIF,21,ProLIF,dct758
[605] DCT_1cell_WISHDIA_P2_0230.htrms.PG.Quantity,DCT2,6,DCT1,dct758
[606] DCT_1cell_WISHDIA_P2_0231.htrms.PG.Quantity,DCT1,13,DCT1,dct758
[607] DCT_1cell_WISHDIA_P2_0232.htrms.PG.Quantity,ProLIF,29,ProLIF,dct758
[608] DCT_1cell_WISHDIA_P2_0233.htrms.PG.Quantity,DCT2,19,DCT1,dct758
[609] DCT_1cell_WISHDIA_P2_0234.htrms.PG.Quantity,ProLIF,12,DCT1,dct758
[610] DCT_1cell_WISHDIA_P2_0235.htrms.PG.Quantity,ProLIF,21,ProLIF,dct758
[611] DCT_1cell_WISHDIA_P2_0236.htrms.PG.Quantity,DCT1,21,ProLIF,dct758
[612] DCT_1cell_WISHDIA_P2_0237.htrms.PG.Quantity,DCT2,12,DCT1,dct758
[613] DCT_1cell_WISHDIA_P2_0238.htrms.PG.Quantity,DCT1,19,DCT1,dct758
[614] DCT_1cell_WISHDIA_P2_0239.htrms.PG.Quantity,DCT2,15,DCT1,dct758
[615] DCT_1cell_WISHDIA_P2_0240.htrms.PG.Quantity,ProLIF,7,DCT2,dct758
[616] DCT_1cell_WISHDIA_P2_0241.htrms.PG.Quantity,DCT1,26,DCT1,dct758
[617] DCT_1cell_WISHDIA_P2_0242.htrms.PG.Quantity,DCT1,23,DCT2,dct758
[618] DCT_1cell_WISHDIA_P2_0243.htrms.PG.Quantity,ProLIF,26,DCT1,dct758
[619] DCT_1cell_WISHDIA_P2_0244.htrms.PG.Quantity,DCT2,4,DCT1,dct758
[620] DCT_1cell_WISHDIA_P2_0245.htrms.PG.Quantity,DCT1,30,DCT1,dct758
[621] DCT_1cell_WISHDIA_P2_0246.htrms.PG.Quantity,ProLIF,26,DCT1,dct758
[622] DCT_1cell_WISHDIA_P2_0247.htrms.PG.Quantity,DCT1,12,DCT1,dct758
[623] DCT_1cell_WISHDIA_P2_0248.htrms.PG.Quantity,DCT2,29,ProLIF,dct758
[624] DCT_1cell_WISHDIA_P2_0249.htrms.PG.Quantity,DCT2,4,DCT1,dct758
[625] DCT_1cell_WISHDIA_P2_0250.htrms.PG.Quantity,DCT2,27,DCT1,dct758
[626] DCT_1cell_WISHDIA_P2_0251.htrms.PG.Quantity,DCT1,12,DCT1,dct758
[627] DCT_1cell_WISHDIA_P2_0252.htrms.PG.Quantity,DCT2,17,DCT1,dct758
[628] DCT_1cell_WISHDIA_P2_0253.htrms.PG.Quantity,ProLIF,25,Unknown,dct758
[629] DCT_1cell_WISHDIA_P2_0254.htrms.PG.Quantity,DCT2,15,DCT1,dct758
[630] DCT_1cell_WISHDIA_P2_0255.htrms.PG.Quantity,ProLIF,29,ProLIF,dct758
[631] DCT_1cell_WISHDIA_P2_0256.htrms.PG.Quantity,ProLIF,23,DCT2,dct758
[632] DCT_1cell_WISHDIA_P2_0257.htrms.PG.Quantity,DCT1,3,DCT1,dct758
[633] DCT_1cell_WISHDIA_P2_0258.htrms.PG.Quantity,DCT1,30,DCT1,dct758
[634] DCT_1cell_WISHDIA_P2_0259.htrms.PG.Quantity,DCT1,28,ProLIF,dct758
[635] DCT_1cell_WISHDIA_P2_0260.htrms.PG.Quantity,DCT1,17,DCT1,dct758
[636] DCT_1cell_WISHDIA_P2_0261.htrms.PG.Quantity,DCT1,28,ProLIF,dct758
[637] DCT_1cell_WISHDIA_P2_0262.htrms.PG.Quantity,ProLIF,30,DCT1,dct758
[638] DCT_1cell_WISHDIA_P2_0263.htrms.PG.Quantity,DCT1,6,DCT1,dct758
[639] DCT_1cell_WISHDIA_P2_0264.htrms.PG.Quantity,ProLIF,28,ProLIF,dct758
[640] DCT_1cell_WISHDIA_P2_0265.htrms.PG.Quantity,DCT1,5,DCT1,dct758
[641] DCT_1cell_WISHDIA_P2_0266.htrms.PG.Quantity,DCT2,30,DCT1,dct758
[642] DCT_1cell_WISHDIA_P2_0267.htrms.PG.Quantity,DCT2,29,ProLIF,dct758
[643] DCT_1cell_WISHDIA_P2_0268.htrms.PG.Quantity,ProLIF,16,DCT2,dct758
[644] DCT_1cell_WISHDIA_P2_0269.htrms.PG.Quantity,DCT2,26,DCT1,dct758
[645] DCT_1cell_WISHDIA_P2_0270.htrms.PG.Quantity,ProLIF,23,DCT2,dct758
[646] DCT_1cell_WISHDIA_P2_0271.htrms.PG.Quantity,DCT2,24,DCT2,dct758
[647] DCT_1cell_WISHDIA_P2_0272.htrms.PG.Quantity,DCT2,22,ProLIF,dct758
[648] DCT_1cell_WISHDIA_P2_0273.htrms.PG.Quantity,DCT2,14,DCT1,dct758
[649] DCT_1cell_WISHDIA_P2_0274.htrms.PG.Quantity,DCT1,28,ProLIF,dct758
[650] DCT_1cell_WISHDIA_P2_0275.htrms.PG.Quantity,DCT2,30,DCT1,dct758
[651] DCT_1cell_WISHDIA_P2_0276.htrms.PG.Quantity,DCT1,22,ProLIF,dct758
[652] DCT_1cell_WISHDIA_P2_0277.htrms.PG.Quantity,DCT1,19,DCT1,dct758
[653] DCT_1cell_WISHDIA_P2_0278.htrms.PG.Quantity,DCT2,23,DCT2,dct758
[654] DCT_1cell_WISHDIA_P2_0279.htrms.PG.Quantity,DCT1,3,DCT1,dct758
[655] DCT_1cell_WISHDIA_P2_0280.htrms.PG.Quantity,DCT1,28,ProLIF,dct758
[656] DCT_1cell_WISHDIA_P2_0281.htrms.PG.Quantity,ProLIF,28,ProLIF,dct758
[657] DCT_1cell_WISHDIA_P2_0282.htrms.PG.Quantity,ProLIF,30,DCT1,dct758
[658] DCT_1cell_WISHDIA_P2_0283.htrms.PG.Quantity,ProLIF,30,DCT1,dct758
[659] DCT_1cell_WISHDIA_P2_0284.htrms.PG.Quantity,DCT2,23,DCT2,dct758
[660] DCT_1cell_WISHDIA_P2_0285.htrms.PG.Quantity,DCT2,16,DCT2,dct758
[661] DCT_1cell_WISHDIA_P2_0286.htrms.PG.Quantity,DCT2,30,DCT1,dct758
[662] DCT_1cell_WISHDIA_P2_0287.htrms.PG.Quantity,DCT1,6,DCT1,dct758
[663] DCT_1cell_WISHDIA_P2_0288.htrms.PG.Quantity,DCT1,3,DCT1,dct758
[664] DCT_1cell_WISHDIA_P2_0289.htrms.PG.Quantity,DCT1,21,ProLIF,dct758
[665] DCT_1cell_WISHDIA_P2_0290.htrms.PG.Quantity,DCT1,9,ProLIF,dct758
[666] DCT_1cell_WISHDIA_P2_0291.htrms.PG.Quantity,ProLIF,12,DCT1,dct758
[667] DCT_1cell_WISHDIA_P2_0292.htrms.PG.Quantity,DCT1,19,DCT1,dct758
[668] DCT_1cell_WISHDIA_P2_0293.htrms.PG.Quantity,DCT2,4,DCT1,dct758
[669] DCT_1cell_WISHDIA_P2_0294.htrms.PG.Quantity,DCT1,22,ProLIF,dct758
[670] DCT_1cell_WISHDIA_P2_0295.htrms.PG.Quantity,DCT1,23,DCT2,dct758
[671] DCT_1cell_WISHDIA_P2_0296.htrms.PG.Quantity,DCT1,28,ProLIF,dct758
[672] DCT_1cell_WISHDIA_P2_0297.htrms.PG.Quantity,DCT1,30,DCT1,dct758
[673] DCT_1cell_WISHDIA_P2_0298.htrms.PG.Quantity,ProLIF,19,DCT1,dct758
[674] DCT_1cell_WISHDIA_P2_0299.htrms.PG.Quantity,ProLIF,28,ProLIF,dct758
[675] DCT_1cell_WISHDIA_P2_0300.htrms.PG.Quantity,DCT1,19,DCT1,dct758
[676] DCT_1cell_WISHDIA_P2_0301.htrms.PG.Quantity,DCT1,22,ProLIF,dct758
[677] DCT_1cell_WISHDIA_P2_0302.htrms.PG.Quantity,DCT2,5,DCT1,dct758
[678] DCT_1cell_WISHDIA_P2_0303.htrms.PG.Quantity,DCT1,24,DCT2,dct758
[679] DCT_1cell_WISHDIA_P2_0304.htrms.PG.Quantity,DCT1,15,DCT1,dct758
[680] DCT_1cell_WISHDIA_P2_0305.htrms.PG.Quantity,ProLIF,28,ProLIF,dct758
[681] DCT_1cell_WISHDIA_P2_0306.htrms.PG.Quantity,DCT1,28,ProLIF,dct758
[682] DCT_1cell_WISHDIA_P2_0307.htrms.PG.Quantity,DCT1,23,DCT2,dct758
[683] DCT_1cell_WISHDIA_P2_0308.htrms.PG.Quantity,DCT1,3,DCT1,dct758
[684] DCT_1cell_WISHDIA_P2_0309.htrms.PG.Quantity,ProLIF,12,DCT1,dct758
[685] DCT_1cell_WISHDIA_P2_0310.htrms.PG.Quantity,ProLIF,23,DCT2,dct758
[686] DCT_1cell_WISHDIA_P2_0311.htrms.PG.Quantity,DCT2,16,DCT2,dct758
[687] DCT_1cell_WISHDIA_P2_0312.htrms.PG.Quantity,DCT1,30,DCT1,dct758
[688] DCT_1cell_WISHDIA_P2_0313.htrms.PG.Quantity,DCT1,15,DCT1,dct758
[689] DCT_1cell_WISHDIA_P2_0314.htrms.PG.Quantity,ProLIF,28,ProLIF,dct758
[690] DCT_1cell_WISHDIA_P2_0315.htrms.PG.Quantity,DCT2,23,DCT2,dct758
[691] DCT_1cell_WISHDIA_P2_0316.htrms.PG.Quantity,DCT2,23,DCT2,dct758
[692] DCT_1cell_WISHDIA_P2_0317.htrms.PG.Quantity,DCT2,28,ProLIF,dct758
[693] DCT_1cell_WISHDIA_P2_0318.htrms.PG.Quantity,DCT2,23,DCT2,dct758
[694] DCT_1cell_WISHDIA_P2_0319.htrms.PG.Quantity,DCT2,12,DCT1,dct758
[695] DCT_1cell_WISHDIA_P2_0320.htrms.PG.Quantity,DCT1,26,DCT1,dct758
[696] DCT_1cell_WISHDIA_P2_0321.htrms.PG.Quantity,ProLIF,23,DCT2,dct758
[697] DCT_1cell_WISHDIA_P2_0322.htrms.PG.Quantity,DCT1,17,DCT1,dct758
[698] DCT_1cell_WISHDIA_P2_0323.htrms.PG.Quantity,DCT1,15,DCT1,dct758
[699] DCT_1cell_WISHDIA_P2_0324.htrms.PG.Quantity,ProLIF,29,ProLIF,dct758
[700] DCT_1cell_WISHDIA_P2_0325.htrms.PG.Quantity,DCT2,22,ProLIF,dct758
[701] DCT_1cell_WISHDIA_P2_0326.htrms.PG.Quantity,DCT1,21,ProLIF,dct758
[702] DCT_1cell_WISHDIA_P2_0327.htrms.PG.Quantity,DCT2,15,DCT1,dct758
[703] DCT_1cell_WISHDIA_P2_0328.htrms.PG.Quantity,DCT2,23,DCT2,dct758
[704] DCT_1cell_WISHDIA_P2_0329.htrms.PG.Quantity,ProLIF,28,ProLIF,dct758
[705] DCT_1cell_WISHDIA_P2_0330.htrms.PG.Quantity,ProLIF,23,DCT2,dct758
[706] DCT_1cell_WISHDIA_P2_0331.htrms.PG.Quantity,DCT1,13,DCT1,dct758
[707] DCT_1cell_WISHDIA_P2_0332.htrms.PG.Quantity,DCT1,27,DCT1,dct758
[708] DCT_1cell_WISHDIA_P2_0333.htrms.PG.Quantity,DCT2,22,ProLIF,dct758
[709] DCT_1cell_WISHDIA_P2_0334.htrms.PG.Quantity,DCT1,13,DCT1,dct758
[710] DCT_1cell_WISHDIA_P2_0335.htrms.PG.Quantity,DCT1,12,DCT1,dct758
[711] DCT_1cell_WISHDIA_P2_0336.htrms.PG.Quantity,DCT2,3,DCT1,dct758
[712] DCT_1cell_WISHDIA_P2_0337.htrms.PG.Quantity,DCT2,30,DCT1,dct758
[713] DCT_1cell_WISHDIA_P2_0338.htrms.PG.Quantity,DCT2,7,DCT2,dct758
[714] DCT_1cell_WISHDIA_P2_0339.htrms.PG.Quantity,DCT2,28,ProLIF,dct758
[715] DCT_1cell_WISHDIA_P2_0340.htrms.PG.Quantity,DCT1,16,DCT2,dct758
[716] DCT_1cell_WISHDIA_P2_0341.htrms.PG.Quantity,DCT2,28,ProLIF,dct758
[717] DCT_1cell_WISHDIA_P2_0342.htrms.PG.Quantity,DCT1,7,DCT2,dct758
[718] DCT_1cell_WISHDIA_P2_0343.htrms.PG.Quantity,DCT2,28,ProLIF,dct758
[719] DCT_1cell_WISHDIA_P2_0344.htrms.PG.Quantity,DCT1,28,ProLIF,dct758
[720] DCT_1cell_WISHDIA_P2_0345.htrms.PG.Quantity,DCT2,7,DCT2,dct758
[721] DCT_1cell_WISHDIA_P2_0346.htrms.PG.Quantity,DCT1,26,DCT1,dct758
[722] DCT_1cell_WISHDIA_P2_0347.htrms.PG.Quantity,DCT1,30,DCT1,dct758
[723] DCT_1cell_WISHDIA_P2_0348.htrms.PG.Quantity,DCT1,7,DCT2,dct758
[724] DCT_1cell_WISHDIA_P2_0349.htrms.PG.Quantity,DCT2,30,DCT1,dct758
[725] DCT_1cell_WISHDIA_P2_0350.htrms.PG.Quantity,DCT2,19,DCT1,dct758
[726] DCT_1cell_WISHDIA_P2_0351.htrms.PG.Quantity,DCT2,7,DCT2,dct758
[727] DCT_1cell_WISHDIA_P2_0352.htrms.PG.Quantity,DCT2,17,DCT1,dct758
[728] DCT_1cell_WISHDIA_P2_0353.htrms.PG.Quantity,DCT1,14,DCT1,dct758
[729] DCT_1cell_WISHDIA_P2_0354.htrms.PG.Quantity,DCT1,7,DCT2,dct758
[730] DCT_1cell_WISHDIA_P2_0355.htrms.PG.Quantity,DCT1,12,DCT1,dct758
[731] DCT_1cell_WISHDIA_P2_0356.htrms.PG.Quantity,DCT1,7,DCT2,dct758
[732] DCT_1cell_WISHDIA_P2_0357.htrms.PG.Quantity,DCT1,24,DCT2,dct758
[733] DCT_1cell_WISHDIA_P2_0358.htrms.PG.Quantity,DCT2,19,DCT1,dct758
[734] DCT_1cell_WISHDIA_P2_0359.htrms.PG.Quantity,DCT2,28,ProLIF,dct758
[735] DCT_1cell_WISHDIA_P2_0360.htrms.PG.Quantity,DCT2,7,DCT2,dct758
[737] DCT_1cell_WISHDIA_P2_0362.htrms.PG.Quantity,DCT1,15,DCT1,dct758
[738] DCT_1cell_WISHDIA_P2_0363.htrms.PG.Quantity,DCT1,22,ProLIF,dct758
[739] DCT_1cell_WISHDIA_P2_0364.htrms.PG.Quantity,DCT2,30,DCT1,dct758
[740] DCT_1cell_WISHDIA_P2_0365.htrms.PG.Quantity,ProLIF,7,DCT2,dct758
[741] DCT_1cell_WISHDIA_P2_0366.htrms.PG.Quantity,DCT1,6,DCT1,dct758
[742] DCT_1cell_WISHDIA_P2_0367.htrms.PG.Quantity,DCT2,7,DCT2,dct758
[743] DCT_1cell_WISHDIA_P2_0368.htrms.PG.Quantity,DCT2,6,DCT1,dct758
[744] DCT_1cell_WISHDIA_P2_0369.htrms.PG.Quantity,DCT2,6,DCT1,dct758
[746] DCT_1cell_WISHDIA_P2_0371.htrms.PG.Quantity,DCT2,6,DCT1,dct758
[747] DCT_1cell_WISHDIA_P2_0372.htrms.PG.Quantity,DCT1,6,DCT1,dct758
[748] DCT_1cell_WISHDIA_P2_0373.htrms.PG.Quantity,DCT2,24,DCT2,dct758
[749] DCT_1cell_WISHDIA_P2_0374.htrms.PG.Quantity,DCT2,6,DCT1,dct758
[750] DCT_1cell_WISHDIA_P2_0375.htrms.PG.Quantity,ProLIF,6,DCT1,dct758
[751] DCT_1cell_WISHDIA_P2_0376.htrms.PG.Quantity,DCT2,7,DCT2,dct758
[752] DCT_1cell_WISHDIA_P2_0377.htrms.PG.Quantity,DCT1,6,DCT1,dct758
[753] DCT_1cell_WISHDIA_P2_0378.htrms.PG.Quantity,DCT1,6,DCT1,dct758
[754] DCT_1cell_WISHDIA_P2_0379.htrms.PG.Quantity,DCT1,7,DCT2,dct758
[755] DCT_1cell_WISHDIA_P2_0380.htrms.PG.Quantity,DCT1,11,ProLIF,dct758
[756] DCT_1cell_WISHDIA_P2_0381.htrms.PG.Quantity,DCT1,30,DCT1,dct758
[757] DCT_1cell_WISHDIA_P2_0382.htrms.PG.Quantity,DCT1,27,DCT1,dct758
[758] DCT_1cell_WISHDIA_P2_0383.htrms.PG.Quantity,DCT2,6,DCT1,dct758
